,Number,Name,Latitude,Longitude,District,Public,Total docks,danger_score,danger_score2
0,K32015,1200 Beacon St,42.34414899,-71.11467361,Brookline,Yes,15,60.0,322.0
1,W32006,160 Arsenal St,42.36466403,-71.17569387,Watertown,Yes,11,0.0,13.0
2,A32019,175 N Harvard St,42.36447457,-71.12840831,Boston,Yes,17,66.0,220.0
3,S32035,191 Beacon St,42.38032335,-71.10878613,Somerville,Yes,19,0.0,0.0
4,C32094,2 Hummingbird Lane at Olmsted Green,42.28887,-71.095003,Boston,Yes,17,35.0,123.0
5,S32023,30 Dane St,42.38100143,-71.10402523,Somerville,Yes,15,0.0,0.0
6,M32026,359 Broadway - Broadway at Fayette Street,42.370803,-71.104412,Cambridge,Yes,23,0.0,31.0
7,S32049,515 Somerville Ave (Temp. Winter Location),42.38322727,-71.10606909,Somerville,Yes,19,0.0,0.0
8,M32088,55 Wheeler Street,42.390821,-71.143946,Cambridge,Yes,23,0.0,0.0
9,C32106,555 Metropolitan Ave,42.2681,-71.11924,Boston,Yes,18,8.0,43.0
10,C32105,606 American Legion Hwy at Canterbury St,42.28578,-71.109725,Boston,Yes,18,8.0,84.0
11,C32091,645 Summer St,42.34178089,-71.03987017,Boston,Yes,19,30.0,120.0
12,M32054,699 Mt Auburn St,42.37500235,-71.14871614,Cambridge,Yes,25,0.0,31.0
13,V32001,7 Acre Park,42.41143223,-71.06823265,Everett,Yes,15,0.0,0.0
14,B32060,700 Commonwealth Ave.,42.34960945,-71.10391524,Boston,Yes,16,136.0,411.0
15,M32060,700 Huron Ave,42.38078817,-71.15412891,Cambridge,Yes,19,0.0,0.0
16,M32064,75 Binney St,42.36550729,-71.0801376,Cambridge,Yes,19,3.0,151.0
17,M32058,84 Cambridgepark Dr,42.3936,-71.143941,Cambridge,Yes,27,0.0,0.0
18,H32006,855 Broadway,42.39841773,-71.02390923,Chelsea,Yes,11,0.0,4.0
19,M32084,87-101 Cambridgepark Drive,42.39522187,-71.14421904,Cambridge,Yes,23,0.0,0.0
20,M32073,955 Mass Ave,42.36895181,-71.1099878,Cambridge,Yes,19,0.0,41.0
21,C32061,Albany St at E. Brookline St,42.33664795,-71.0689446,Boston,Yes,15,162.0,564.0
22,M32046,Alewife MBTA at Steel Place,42.39558846,-71.14260614,Cambridge,Yes,19,0.0,0.0
23,M32033,Alewife Station at Russell Field,42.396105,-71.139459,Cambridge,Yes,23,0.0,0.0
24,C32079,American Legion Hwy at Cummins Hwy,42.27881158,-71.11687703,Boston,Yes,14,9.0,63.0
25,M32059,Ames St at Broadway,42.3636929,-71.0875672,Cambridge,Yes,19,0.0,149.0
26,M32037,Ames St at Main St,42.3625,-71.08822,Cambridge,Yes,19,0.0,209.0
27,B32004,Aquarium T Stop - 200 Atlantic Ave,42.36044136,-71.0504394,Boston,Yes,23,107.0,342.0
28,C32048,Archdale Rd at Washington St,42.29266593,-71.12119539,Boston,Yes,15,39.0,102.0
29,W32004,Arsenal Yards,42.36277389,-71.15764854,Watertown,Yes,14,13.0,90.0
30,C32062,Ashmont T Stop,42.2856944,-71.0641389,Boston,Yes,15,32.0,141.0
31,S32018,Assembly Square T,42.39223284,-71.07746601,Somerville,Yes,15,9.0,58.0
32,ZZ32996,Auburn St. at Mystic River,42.4175909,-71.12608128,Medford,Yes,11,0.0,0.0
33,N32015,Auburndale,42.34805541,-71.24775946,Newton,Yes,15,0.0,0.0
34,A32003,B.U. Central - 725 Comm. Ave.,42.350406,-71.108279,Boston,Yes,11,122.0,339.0
35,C32003,Back Bay T Stop - Dartmouth St at Stuart St,42.34807412,-71.07657015,Boston,Yes,19,165.0,673.0
36,N32003,Bacon St at Washington St,42.35711921,-71.18604537,Newton,Yes,11,0.0,4.0
37,S32007,Ball Sq,42.39936816,-71.11111522,Somerville,Yes,19,0.0,0.0
38,B32055,Bartlett St at John Elliot Sq,42.3294633,-71.0901582,Boston,Yes,15,165.0,574.0
39,C32108,Beach St at Freeport St,42.30367409,-71.05425954,Boston,Yes,19,64.0,186.0
40,N32012,Beacon at Walnut,42.33006232,-71.20668411,Newton,Yes,15,0.0,0.0
41,D32024,Beacon St at Charles St,42.356052,-71.069849,Boston,Yes,19,159.0,525.0
42,K32002,Beacon St at Tappan St,42.3382668,-71.13894682,Brookline,Yes,15,8.0,117.0
43,C32059,Belgrade Ave at Walworth St,42.28634589,-71.1367213,Boston,Yes,14,21.0,76.0
44,H32002,Bellingham Square,42.39319611,-71.0334456,Chelsea,Yes,11,0.0,23.0
45,A32028,Bennington St at Byron St,42.38353252,-71.01619095,Boston,Yes,15,20.0,44.0
46,A32039,Bennington St at Constitution Beach,42.38522394,-71.01063069,Boston,Yes,15,19.0,34.0
47,M32067,Berkshire Street at Cambridge Street,42.37207658,-71.08995434,Cambridge,Yes,19,0.0,5.0
48,M32027,Binney St / Sixth St,42.36608797,-71.08633604,Cambridge,Yes,19,0.0,68.0
49,C32044,Blue Hill Ave at Almont St,42.27462067,-71.09372552,Boston,Yes,19,37.0,96.0
50,C32092,Blue Hill Ave at Havelock St,42.286012,-71.090986,Boston,Yes,18,49.0,131.0
51,B32008,Boston City Hall - 28 State St,42.35892,-71.057629,Boston,Yes,25,205.0,422.0
52,N32009,Boston College T,42.33987892,-71.16708934,Newton,Yes,17,18.0,93.0
53,D32018,Boston Convention and Exhibition Center - Summer St at West Side Dr,42.34776345,-71.04535997,Boston,Yes,23,42.0,241.0
54,A32036,Boston East - 126 Border St,42.37331213,-71.04102008,Boston,Yes,15,28.0,90.0
55,A32045,Boston Landing,42.35656092,-71.14167538,Boston,Yes,17,100.0,276.0
56,B32031,Bowdoin St at Quincy St,42.30785224,-71.06512249,Boston,Yes,15,102.0,321.0
57,D32007,Boylston St at Arlington St,42.35206005,-71.07046366,Boston,Yes,31,181.0,644.0
58,D32013,Boylston St at Berkeley St,42.35114198,-71.07329249,Boston,Yes,15,161.0,669.0
59,D32046,Boylston St at Exeter St,42.34958942,-71.07946779,Boston,Yes,19,207.0,644.0
60,C32008,Boylston St at Fairfield St,42.34880382,-71.08236909,Boston,Yes,19,275.0,640.0
61,B32034,Boylston St at Jersey St,42.34465063,-71.09732501,Boston,Yes,15,163.0,618.0
62,B32018,Boylston St at Massachusetts Ave,42.34740621,-71.08678415,Boston,Yes,15,263.0,648.0
63,S32050,Boynton Yards at 101 South Street,42.3754476,-71.09117389,Somerville,Yes,19,0.0,13.0
64,A32032,Bremen St at Marion St,42.37410622,-71.03276253,Boston,Yes,11,33.0,62.0
65,T32016,Bridge Street Neck,42.52810052,-70.88971138,Salem,Yes,11,0.0,0.0
66,B32013,Brigham Circle - Francis St at Huntington Ave,42.33462893,-71.10407918,Boston,Yes,15,132.0,396.0
67,D32028,Brighton Center - Washington St at Cambridge St,42.34894857,-71.15027189,Boston,Yes,16,54.0,248.0
68,A32005,Brighton Mills - 370 Western Ave,42.36154571,-71.13776207,Boston,Yes,15,77.0,254.0
69,M32082,Broad Canal Way at Third Street,42.3630455,-71.08287079,Cambridge,Yes,19,1.0,231.0
70,V32011,Broadway at Beacham St,42.3983606,-71.06373843,Everett,Yes,15,2.0,7.0
71,S32016,Broadway at Central St,42.3951715,-71.09850592,Somerville,Yes,19,0.0,0.0
72,H32004,Broadway at Gerrish Ave,42.39453079,-71.03085594,Chelsea,Yes,11,0.0,16.0
73,Z32998,Broadway at Kittie Knox Bike Path,42.36412659,-71.08738632,Cambridge,Yes,23,0.0,145.0
74,V32004,Broadway at Lynde St,42.39648358,-71.0654676,Everett,Yes,15,3.0,37.0
75,V32008,Broadway at Maple St,42.41034691,-71.05260458,Everett,Yes,13,0.0,0.0
76,S32014,Broadway St at Mt Pleasant St,42.38614141,-71.0782814,Somerville,Yes,19,48.0,73.0
77,C32053,Broadway T Stop,42.34304858,-71.0580343,Boston,Yes,19,69.0,395.0
78,K32005,Brookline Town Hall,42.33376473,-71.12046447,Brookline,Yes,15,22.0,134.0
79,K32003,Brookline Village - Station Street at MBTA,42.33274392,-71.11626681,Brookline,Yes,19,61.0,179.0
80,A32023,Bunker Hill Community College,42.37408991,-71.06905997,Boston,Yes,23,37.0,205.0
81,B32020,Burlington Ave at Brookline Ave,42.345733,-71.100694,Boston,Yes,15,133.0,559.0
82,N32011,California at Chapel,42.36514871,-71.20236039,Newton,Yes,12,0.0,0.0
83,M32077,Cambridge Crossing at North First Street,42.371141,-71.076198,Cambridge,Yes,23,6.0,174.0
84,M32052,Cambridge Dept. of Public Works -147 Hampshire St.,42.37119728,-71.09759867,Cambridge,Yes,19,0.0,0.0
85,M32013,Cambridge Main Library at Broadway / Trowbridge St,42.373379,-71.111075,Cambridge,Yes,19,0.0,38.0
86,M32007,Cambridge St - at Columbia St / Webster Ave,42.372969,-71.094445,Cambridge,Yes,15,0.0,2.0
87,D32000,Cambridge St at Joy St,42.36125722,-71.06528744,Boston,Yes,15,179.0,436.0
88,M32019,CambridgeSide Galleria - CambridgeSide PL at Land Blvd,42.36707407,-71.07679278,Cambridge,Yes,15,18.0,197.0
89,H32001,Cary Square,42.39813565,-71.03070972,Chelsea,Yes,12,0.0,1.0
90,C23109,Cedar Grove T Stop,42.2796076,-71.0602212,Boston,Yes,18,23.0,80.0
91,M32012,Central Sq Post Office / Cambridge City Hall at Mass Ave / Pleasant St,42.366426,-71.105495,Cambridge,Yes,17,0.0,34.0
92,M32011,Central Square at Mass Ave / Essex St,42.36507,-71.1031,Cambridge,Yes,19,0.0,38.0
93,A32041,Central Square East Boston,42.37544913,-71.03918549,Boston,Yes,15,35.0,75.0
94,N32018,Centre St at Commonwealth Ave,42.3362358,-71.1934421,Newton,Yes,11,0.0,0.0
95,C32086,Centre St at Parkway YMCA,42.28277901,-71.15728851,Boston,Yes,17,12.0,31.0
96,C32085,Centre St at W. Roxbury Post Office,42.28633199,-71.15344755,Boston,Yes,19,13.0,35.0
97,N32000,Centre St at Washington St,42.35574335,-71.18641943,Newton,Yes,11,0.0,4.0
98,D32016,Charles Circle - Charles St at Cambridge St,42.36079297,-71.07118962,Boston,Yes,19,91.0,433.0
99,D32039,Charlestown Navy Yard,42.37412455,-71.054812,Boston,Yes,23,32.0,171.0
100,H32003,Chelsea Square,42.39022671,-71.03857018,Chelsea,Yes,11,4.0,29.0
101,V32016,Chelsea St at Vine St,42.40336946,-71.04731441,Everett,Yes,11,0.0,0.0
102,H32005,Chelsea Station,42.39636528,-71.03987179,Chelsea,Yes,11,0.0,8.0
103,M32049,Child Street at Brian P. Murphy Staircase,42.37197678,-71.07200496,Cambridge,Yes,23,27.0,199.0
104,D32015,Chinatown Gate Plaza,42.351356,-71.059367,Boston,Yes,19,144.0,513.0
105,D32019,Chinatown T Stop,42.352409,-71.062679,Boston,Yes,19,163.0,539.0
106,B32005,Christian Science Plaza - Massachusetts Ave at Westland Ave,42.34366582,-71.08582377,Boston,Yes,19,245.0,745.0
107,M32087,Church St,42.37433925,-71.11966431,Cambridge,Yes,15,14.0,63.0
108,C32099,Circuit Drive at American Legion Hwy,42.29704126,-71.09171927,Boston,Yes,19,34.0,155.0
109,S32010,Clarendon Hill at Broadway,42.406302,-71.132446,Somerville,Yes,15,0.0,0.0
110,C32104,Cleary Sq,42.2556,-71.12444,Boston,Yes,16,25.0,36.0
111,B32035,Cleveland Circle,42.33554308,-71.1506152,Boston,Yes,15,43.0,94.0
112,D32057,Clinton St at North St,42.36070284,-71.05524927,Boston,Yes,18,166.0,397.0
113,C32055,Codman Square Library,42.2873611,-71.071111,Boston,Yes,17,44.0,164.0
114,B32006,Colleges of the Fenway - Fenway at Avenue Louis Pasteur,42.34011512,-71.10061884,Boston,Yes,14,113.0,633.0
115,B32029,Columbia Rd at Ceylon St,42.309572,-71.0729,Boston,Yes,15,110.0,355.0
116,C32052,Columbia Rd at Tierney Community Center,42.33023071,-71.05060093,Boston,Yes,19,67.0,225.0
117,C32077,Columbus Ave at W. Canton St,42.34474225,-71.07648162,Boston,Yes,19,201.0,744.0
118,A32002,Commonwealth Ave at Agganis Way,42.35169202,-71.11903489,Boston,Yes,15,103.0,293.0
119,K32006,Commonwealth Ave At Babcock St,42.35154735,-71.12126246,Brookline,Yes,15,95.0,295.0
120,D32033,Commonwealth Ave at Chiswick Rd,42.34024645,-71.15168806,Boston,Yes,19,57.0,135.0
121,A32017,Commonwealth Ave at Griggs St,42.34922469,-71.13275303,Boston,Yes,15,114.0,264.0
122,D32034,Commonwealth Ave at Kelton St,42.34835863,-71.13997217,Boston,Yes,15,86.0,252.0
123,T32013,Community Life Center,42.520136,-70.906271,Salem,Yes,9,0.0,0.0
124,S32022,Community Path at Cedar Street,42.39407224,-71.11133695,Somerville,Yes,15,0.0,0.0
125,S32040,Community Path at Lowell St,42.392525,-71.105587,Somerville,Yes,19,0.0,0.0
126,M32074,Concord Ave at Spinelli Place,42.390719,-71.1538877,Cambridge,Yes,19,0.0,0.0
127,D32009,Congress St at Boston City Hall,42.36041775,-71.05752244,Boston,Yes,23,194.0,399.0
128,C32032,Congress St at Northern Ave,42.3481,-71.03764,Boston,Yes,15,20.0,108.0
129,S32004,Conway Park - Somerville Avenue,42.38363895,-71.10853672,Somerville,Yes,23,0.0,0.0
130,S32045,Conway Park @ Bleachery Ct (Temp Winter Station),42.3834575,-71.1077106,Somerville,Yes,19,0.0,0.0
131,K32001,Coolidge Corner - Beacon St at Centre St,42.341598,-71.123338,Brookline,Yes,19,0.0,236.0
132,W32001,Coolidge Sq.,42.37207611,-71.15683131,Watertown,Yes,12,0.0,33.0
133,D32005,Copley Square - Dartmouth St at Boylston St,42.34992828,-71.07739207,Boston,Yes,28,154.0,665.0
134,D32010,Cross St at Hanover St,42.362811,-71.056067,Boston,Yes,19,155.0,382.0
135,Z32999,Cummins Highway at Blue Hill Ave T Stop,42.26998847,-71.09746183,Boston,Yes,14,29.0,60.0
136,E32001,Curtis Hall - South St at Centre St,42.309054,-71.11543,Boston,Yes,15,78.0,193.0
137,K32009,Cypress St at Clark Playground,42.32784317,-71.12536222,Brookline,Yes,15,0.0,109.0
138,M32030,Dana Park,42.36178044,-71.10809952,Cambridge,Yes,19,10.0,154.0
139,M32031,Danehy Park,42.388966,-71.132788,Cambridge,Yes,17,0.0,0.0
140,M32075,Danehy Park at New Street,42.389456,-71.139019,Cambridge,Yes,19,0.0,0.0
141,D32045,Dartmouth St at Newbury St,42.35096144,-71.07782811,Boston,Yes,19,156.0,649.0
142,S32006,Davis Square,42.396969,-71.123024,Somerville,Yes,25,0.0,0.0
143,A32051,Day Sq,42.379295,-71.027733,Boston,Yes,16,27.0,68.0
144,B32037,Deerfield St at Commonwealth Ave,42.34924377,-71.0972821,Boston,Yes,19,218.0,514.0
145,T32018,Derby Street,42.52009618,-70.89139044,Salem,Yes,11,0.0,0.0
146,M32066,Discovery Park - 30 Acorn Park Drive,42.39790817,-71.14797131,Cambridge,Yes,23,0.0,0.0
147,C32009,Dorchester Ave at Gillette Park,42.34404051,-71.05737627,Boston,Yes,15,77.0,377.0
148,C32066,Dorchester Ave at King St,42.291718,-71.062571,Boston,Yes,15,43.0,187.0
149,B32017,Dudley Square - Bolling Building,42.32984299,-71.08386572,Boston,Yes,0,150.0,603.0
150,C32015,Dudley Town Common - Mt Pleasant Ave at Blue Hill Ave,42.325333,-71.075354,Boston,Yes,15,126.0,496.0
151,A32031,East Boston Neighborhood Health Center - 20 Maverick Square,42.369536,-71.039431,Boston,Yes,16,22.0,97.0
152,S32017,East Somerville Library (Broadway and Illinois),42.38762811,-71.08318716,Somerville,Yes,15,17.0,59.0
153,S32038,Edgerly Education Center,42.38717463,-71.08714389,Somerville,Yes,15,1.0,54.0
154,A32022,Edwards Playground - Main St at Eden St,42.378965,-71.068607,Boston,Yes,19,59.0,128.0
155,M32034,EF - North Point Park,42.369885,-71.069957,Cambridge,Yes,23,36.0,247.0
156,E32004,Egleston Square - Atherton St at Washington St,42.315692,-71.098634,Boston,Yes,15,64.0,306.0
157,V32005,Encore,42.39329263,-71.0724476,Everett,Yes,15,6.0,58.0
158,T32011,Essex St at Dalton Parkway,42.516223,-70.905535,Salem,Yes,11,0.0,0.0
159,V32003,Everett Square (Broadway at Chelsea St),42.40701602,-71.05645001,Everett,Yes,14,0.0,0.0
160,A32000,Fan Pier,42.35339051,-71.0445714,Boston,Yes,15,54.0,256.0
161,C32051,Farragut Rd at E. 6th St,42.3334,-71.02495,Boston,Yes,23,9.0,35.0
162,C32041,Fields Corner T Stop,42.29963349,-71.06068976,Boston,Yes,15,76.0,237.0
163,B32064,Flat 9 at Whittier,42.33420351,-71.08767617,Boston,Yes,15,188.0,649.0
164,S32047,Foley St at Grand Union Blvd,42.3930184,-71.08071685,Somerville,Yes,19,0.0,53.0
165,E32010,Forest Hills,42.300923,-71.114249,Boston,Yes,40,44.0,150.0
166,T32010,Forest River Park,42.506395,-70.88693,Salem,Yes,11,0.0,0.0
167,B32062,Forsyth St at Huntington Ave,42.339202,-71.090511,Boston,Yes,15,192.0,772.0
168,S32015,Foss Park,42.39108438,-71.09039426,Somerville,Yes,15,0.0,34.0
169,C32037,Four Corners - 157 Washington St,42.30412793,-71.07929528,Boston,Yes,11,94.0,264.0
170,C32111,Four Corners/Geneva T Stop,42.30321535,-71.07820988,Boston,Yes,15,87.0,288.0
171,C32027,Franklin Park - Seaver St at Humboldt Ave,42.309796,-71.092225,Boston,Yes,15,44.0,261.0
172,C32030,Franklin Park Zoo - Franklin Park Rd at Blue Hill Ave,42.303469,-71.085347,Boston,Yes,14,68.0,243.0
173,M32051,Fresh Pond Reservation,42.38267828,-71.14347895,Cambridge,Yes,17,0.0,3.0
174,M32078,Galileo Galilei Way at Fulkerson St/Binney St,42.3664204,-71.0885418,Cambridge,Yes,19,0.0,36.0
175,M32072,Galileo Galilei Way at Main Street,42.36300378,-71.08974038,Cambridge,Yes,19,0.0,172.0
176,C32040,Gallivan Blvd at Adams St,42.28297568,-71.05466698,Boston,Yes,15,23.0,88.0
177,C32090,Geiger Gibson Community Health Center,42.31886468,-71.04536798,Boston,Yes,19,32.0,147.0
178,S32046,Gilman Square T at Medford St,42.3867355,-71.0946444,Somerville,Yes,19,0.0,7.0
179,V32006,Glendale Square (Ferry St at Broadway),42.41427294,-71.04479656,Everett,Yes,15,0.0,0.0
180,T32014,Goodhue St at Grove St,42.520897,-70.910528,Salem,Yes,11,0.0,0.0
181,M32081,Gore Street at Lambert Street,42.3730798,-71.08634234,Cambridge,Yes,19,0.0,37.0
182,A32049,Gove St at Orleans St,42.37057753,-71.0355854,Boston,Yes,19,30.0,68.0
183,B32032,Government Center - Cambridge St at Court St,42.3598254,-71.05979576,Boston,Yes,35,195.0,432.0
184,M32068,Graham and Parks School ? Linnaean St at Walker St,42.3829443,-71.12449831,Cambridge,Yes,18,0.0,5.0
185,V32015,Gramsdorf Playground,42.408156,-71.0429,Everett,Yes,14,0.0,0.0
186,E32005,Green Street T Stop - Green St at Amory St,42.310579,-71.107341,Boston,Yes,23,83.0,232.0
187,B32028,Grove Hall Library - 41 Geneva Ave,42.30791,-71.080952,Boston,Yes,15,106.0,272.0
188,S32019,Grove St at Community Path,42.39638681,-71.12011306,Somerville,Yes,15,0.0,0.0
189,F32005,Haines Square,42.42333137,-71.09124541,Medford,Yes,11,0.0,0.0
190,V32012,Hale Park,42.4153271,-71.0528183,Everett,Yes,11,0.0,0.0
191,C32113,Hancock St at Pleasant St,42.30981925,-71.06019938,,Yes,19,72.0,290.0
192,F32004,Harris Park,42.41081837,-71.08152866,Medford,Yes,11,0.0,0.0
193,D32043,Harrison Ave at Bennet St,42.3494261,-71.0620996,Boston,Yes,17,153.0,521.0
194,C32093,Harrison Ave at E. Dedham St,42.339194,-71.06975,Boston,Yes,19,163.0,627.0
195,C32057,Harrison Ave at Mullins Way,42.34521562,-71.06384031,Boston,Yes,19,116.0,562.0
196,D32035,Harvard Ave at Brainerd Rd,42.34953017,-71.13022771,Boston,Yes,15,113.0,267.0
197,M32016,Harvard Kennedy School at Bennett St / Eliot St,42.3722168,-71.12188071,Cambridge,Yes,23,19.0,73.0
198,M32020,Harvard Law School at Mass Ave / Jarvis St,42.379011,-71.119945,Cambridge,Yes,19,0.0,24.0
199,M32017,Harvard Square at Brattle St / Eliot St,42.3733288,-71.12098601,Cambridge,Yes,15,17.0,68.0
200,M32018,Harvard Square at Mass Ave/ Dunster,42.373268,-71.118579,Cambridge,Yes,19,15.0,64.0
201,K32017,Harvard St and Stedman St,42.34435176,-71.12490356,Brookline,Yes,15,14.0,232.0
202,M32055,Harvard St at Greene-Rose Heritage Park,42.36599433,-71.09522222,Cambridge,Yes,19,0.0,5.0
203,A32052,Harvard Stadium: N. Harvard St at Soldiers Field Rd,42.368019,-71.1242,Boston,Yes,15,44.0,107.0
204,M32023,Harvard University / SEAS Cruft-Pierce Halls at 29 Oxford St,42.377945,-71.116865,Cambridge,Yes,17,0.0,30.0
205,M32021,Harvard University Gund Hall at Quincy St / Kirkland St,42.376369,-71.114025,Cambridge,Yes,15,0.0,31.0
206,M32014,Harvard University Housing - 115 Putnam Ave at Peabody Terrace,42.366621,-71.114214,Cambridge,Yes,15,31.0,72.0
207,M32024,Harvard University Radcliffe Quadrangle at Shepard St / Garden St,42.380287,-71.125107,Cambridge,Yes,19,0.0,22.0
208,M32038,Harvard University River Houses at DeWolfe St / Cowperthwaite St,42.36923907,-71.11687034,Cambridge,Yes,21,25.0,75.0
209,T32008,Hawthorne Boulevard,42.5223714,-70.8903331,Salem,Yes,9,0.0,0.0
210,K32010,High St at Cypress St,42.32464511,-71.12135231,Brookline,Yes,15,26.0,165.0
211,B32003,HMS/HSPH - Avenue Louis Pasteur at Longwood Ave,42.33741748,-71.10286117,Boston,Yes,25,103.0,465.0
212,A32040,Honan Library,42.3602737,-71.12852452,Boston,Yes,15,68.0,282.0
213,D32060,Hood Park,42.38004535,-71.07304573,Boston,Yes,23,68.0,105.0
214,F32006,Hormel Stadium,42.40721644,-71.09651506,Medford,Yes,11,0.0,0.0
215,B32033,Huntington Ave at Mass Art,42.33658555,-71.09886996,Boston,Yes,15,138.0,597.0
216,M32044,Huron Ave At Vassal Lane,42.38165061,-71.13426981,Cambridge,Yes,19,0.0,5.0
217,C32089,Hyde Park Ave at Walk Hill St,42.29606705,-71.116012,Boston,Yes,15,35.0,132.0
218,E32013,Hyde Park Library,42.2568376,-71.122509,Boston,Yes,15,22.0,34.0
219,E32003,Hyde Square - Barbara St at Centre St,42.32176526,-71.10984161,Boston,Yes,15,95.0,318.0
220,C32020,ID Building East,42.344827,-71.028664,Boston,Yes,17,6.0,44.0
221,C32021,ID Building West,42.344796,-71.031614,Boston,Yes,19,12.0,68.0
222,C32025,Ink Block - Harrison Ave at Herald St,42.345901,-71.063187,Boston,Yes,25,124.0,538.0
223,M32062,Inman Square at Springfield St.,42.37426714,-71.10026479,Cambridge,Yes,25,0.0,0.0
224,A32011,Innovation Lab - 125 Western Ave at Batten Way,42.36371276,-71.12459779,Boston,Yes,19,70.0,221.0
225,E32006,Jackson Square T Stop,42.32293117,-71.10014141,Boston,Yes,18,101.0,415.0
226,D32052,Jamaica St at South St,42.30604563,-71.11570891,Boston,Yes,19,69.0,173.0
227,K32004,JFK Crossing at Harvard St. / Thorndike St.,42.34655124,-71.12833211,Brookline,Yes,15,72.0,239.0
228,C32013,JFK/UMass T Stop,42.32033974,-71.05118036,Boston,Yes,31,41.0,223.0
229,M32083,John Ahern Field at Kennedy-Longfellow School,42.36903567,-71.0863096,Cambridge,Yes,19,0.0,30.0
230,V32013,Kearins Playground,42.40616124,-71.06041655,Everett,Yes,11,0.0,2.0
231,M32032,Kendall Street,42.36356016,-71.08216792,Cambridge,Yes,17,1.0,220.0
232,M32004,Kendall T,42.36242784,-71.08495474,Cambridge,Yes,23,0.0,249.0
233,B32010,Kenmore Square,42.348706,-71.097009,Boston,Yes,26,237.0,536.0
234,M32065,Kennedy-Longfellow School 158 Spring St,42.36955298,-71.08579015,Cambridge,Yes,19,0.0,31.0
235,T32006,Lafayette at Leach St,42.51142784,-70.89183301,Salem,Yes,11,0.0,0.0
236,M32009,Lafayette Square at Mass Ave / Main St / Columbia St,42.36346469,-71.10057324,Cambridge,Yes,15,0.0,69.0
237,B32015,Landmark Center - Brookline Ave at Park Dr,42.34369056,-71.10235287,Boston,Yes,15,129.0,573.0
238,N32008,Langley Lot,42.330528,-71.192861,Newton,Yes,11,0.0,0.0
239,B32058,Lansdowne T Stop,42.34734473,-71.10016808,Boston,Yes,27,134.0,513.0
240,D32061,Lenox St at Kendall St,42.33759485,-71.08255059,Boston,Yes,17,206.0,756.0
241,M32039,Lesley University,42.38674802,-71.11901879,Cambridge,Yes,15,0.0,0.0
242,A32057,Lewis Mall Wharf,42.36567871,-71.04030132,Boston,Yes,21,14.0,146.0
243,D32006,Lewis Wharf at Atlantic Ave,42.363871,-71.050877,Boston,Yes,19,100.0,313.0
244,M32025,Linear Park - Mass. Ave. at Cameron Ave. ,42.397828,-71.130516,Cambridge,Yes,19,0.0,0.0
245,L32002,Linwood St at Minuteman Bikeway,42.40935396,-71.14906519,Arlington,Yes,11,0.0,0.0
246,A32004,Longwood Ave at Binney St,42.338629,-71.1065,Boston,Yes,15,84.0,445.0
247,M32022,Lower Cambridgeport at Magazine St / Riverside Rd,42.3572185,-71.11387163,Cambridge,Yes,19,79.0,274.0
248,S32013,Magoun Square at Trum Field,42.3977834,-71.10594004,Somerville,Yes,19,0.0,0.0
249,D32020,Main St at Austin St,42.375603,-71.064608,Boston,Yes,11,42.0,188.0
250,D32036,Main St at Baldwin St,42.380857,-71.070629,Boston,Yes,19,70.0,111.0
251,F32001,Main St at Brooks Park,42.411709,-71.110444,Medford,Yes,11,0.0,0.0
252,D32038,Main St at Thompson Sq,42.37487847,-71.06383499,Boston,Yes,15,44.0,202.0
253,M32080,Main Street/Albany Street/Technology Square,42.3629016,-71.0915669,Cambridge,Yes,23,0.0,151.0
254,G32001,Malden Center T Station,42.426541,-71.073179,Malden,Yes,11,0.0,0.0
255,G32003,Malden High School,42.42653766,-71.06393695,Malden,Yes,11,0.0,0.0
256,K32012,Marion St at Harvard St,42.34012243,-71.12070564,Brookline,Yes,15,0.0,259.0
257,E32012,Martha Eliot Health Center,42.324173,-71.10196,Boston,Yes,16,91.0,416.0
258,M32061,Mass Ave at Albany St,42.36135838,-71.09670274,Cambridge,Yes,18,0.0,193.0
259,M32056,Mass Ave at Hadley/Walden,42.39120972,-71.12260755,Cambridge,Yes,19,0.0,0.0
260,C32063,Mass Ave T Station,42.34135616,-71.08336953,Boston,Yes,14,220.0,801.0
261,M32085,Mass Ave/Lafayette Square,42.36356499,-71.10044184,Cambridge,Yes,15,0.0,68.0
262,C32004,Massachusetts Ave at Columbus Ave,42.340835,-71.0816197,Boston,Yes,13,213.0,811.0
263,C32050,Mattapan Library,42.2773889,-71.09325,Boston,Yes,15,35.0,107.0
264,C32045,Mattapan T Stop,42.267902,-71.093641,Boston,Yes,15,26.0,53.0
265,A32030,Maverick Square - Lewis Mall,42.36884408,-71.03977829,Boston,Yes,33,20.0,114.0
266,A32044,Maverick St at Massport Path,42.36774122,-71.03335975,Boston,Yes,15,19.0,50.0
267,T32004,Mayor Salvo Path at Mill St,42.5180352,-70.89570075,Salem,Yes,11,0.0,0.0
268,C32112,Meaney Playground - Pleasant St at E Cottage St,42.31870275,-71.05889978,,Yes,17,81.0,309.0
269,F32002,Medford Sq - Riverside Ave at River St,42.417724,-71.108102,Medford,Yes,11,0.0,0.0
270,D32037,Medford St at Charlestown BCYF,42.38042947,-71.06055722,Boston,Yes,19,26.0,117.0
271,M32006,MIT at Mass Ave / Amherst St,42.3581,-71.093198,Cambridge,Yes,27,11.0,318.0
272,M32070,MIT Carleton St at Amherst St,42.36054174,-71.08669817,Cambridge,Yes,27,1.0,301.0
273,M32071,MIT Hayward St at Amherst St,42.36085937,-71.08551858,Cambridge,Yes,27,1.0,303.0
274,M32041,MIT Pacific St at Purrington St,42.3595732,-71.10129476,Cambridge,Yes,19,0.0,265.0
275,M32005,MIT Stata Center at Vassar St / Main St,42.36213123,-71.09115601,Cambridge,Yes,35,0.0,196.0
276,M32042,MIT Vassar St,42.35560121,-71.10394478,Cambridge,Yes,53,55.0,326.0
277,B32023,MLK Blvd at Washington St,42.32143814,-71.09126061,Boston,Yes,15,70.0,413.0
278,M32086,Morgan Ave at North First St,42.37197726,-71.07585847,Cambridge,Yes,23,6.0,167.0
279,C32103,Morton St at Gallivan Blvd,42.278747,-71.080286,Boston,Yes,15,33.0,136.0
280,M32043,Mt Auburn,42.37478629,-71.13320231,Cambridge,Yes,19,5.0,67.0
281,D32017,Mugar Way at Beacon St,42.35553628,-71.0728687,Boston,Yes,19,150.0,581.0
282,C32023,Murphy Skating Rink - 1880 Day Blvd,42.336448,-71.023739,Boston,Yes,19,8.0,37.0
283,M32045,Museum of Science,42.36769018,-71.07116282,Cambridge,Yes,19,45.0,261.0
284,A32025,Nashua Street at Red Auerbach Way,42.365673,-71.064263,Boston,Yes,36,119.0,349.0
285,B32027,NCAAA - Walnut Ave at Crawford St,42.316902,-71.091946,Boston,Yes,15,66.0,328.0
286,D32001,New Balance - 20 Guest St,42.35732922,-71.1467354,Boston,Yes,14,68.0,242.0
287,C32022,Newmarket Square T Stop - Massachusetts Ave at Newmarket Square,42.326599,-71.066498,Boston,Yes,15,136.0,446.0
288,N32010,Newton Highlands T,42.32206566,-71.20637298,Newton,Yes,15,0.0,0.0
289,N32013,Newton Library,42.33620337,-71.20779455,Newton,Yes,13,0.0,0.0
290,W32007,Nichols Ave. at Watertown Greenway,42.36762049,-71.15656637,Watertown,Yes,12,0.0,56.0
291,N32002,Nonantum Library,42.36068456,-71.201462,Newton,Yes,15,0.0,0.0
292,T32015,North St at Liberty Hill Ave,42.52989965,-70.90614259,Salem,Yes,11,0.0,0.0
293,G32002,Northern Strand at Main St,42.42386,-71.067793,Malden,Yes,11,0.0,0.0
294,D32031,Oak Square - 615 Washington St,42.35057,-71.166491,Boston,Yes,13,30.0,95.0
295,M32076,Old Morse Park at Putnam Ave,42.35766248,-71.10841334,Cambridge,Yes,15,23.0,216.0
296,B32061,One Beacon St,42.35847764,-71.0613513,Boston,Yes,16,201.0,462.0
297,B32036,One Brigham Circle,42.3339227,-71.10446509,Boston,Yes,15,129.0,382.0
298,M32003,One Broadway / Kendall Sq at Main St / 3rd St,42.36224179,-71.08311072,Cambridge,Yes,23,1.0,273.0
299,M32002,One Kendall Square at Hampshire St / Portland St,42.366277,-71.09169,Cambridge,Yes,19,0.0,9.0
300,M32053,One Memorial Drive,42.36161932,-71.08043551,Cambridge,Yes,19,27.0,311.0
301,A32035,Orient Heights T Stop - Bennington St at Saratoga St,42.386781,-71.006098,Boston,Yes,19,15.0,30.0
302,R32002,Orr Sq (Shirley Ave),42.40715656,-70.9927243,Revere,Yes,11,0.0,0.0
303,S32009,Packard Ave at Powderhouse Blvd,42.40449,-71.123413,Somerville,Yes,15,0.0,0.0
304,A32012,Packard's Corner - Commonwealth Ave at Brighton Ave,42.352261,-71.123831,Boston,Yes,27,105.0,278.0
305,A32008,Park Dr at Buswell St,42.347241,-71.105301,Boston,Yes,15,134.0,431.0
306,D32042,Park Plaza at Charles St S.,42.35182807,-71.06781138,Boston,Yes,19,186.0,556.0
307,Z32997,Parker St at Huntington Ave,42.33848849,-71.09261138,Boston,Yes,19,163.0,732.0
308,S32034,Perry Park,42.37927325,-71.10341903,Somerville,Yes,19,0.0,0.0
309,C32107,Pier 4 Blvd at Autumn Ln,42.3502102,-71.0446705,Boston,Yes,19,51.0,244.0
310,V32009,Pope John High School,42.4203487,-71.04419768,Everett,Yes,15,0.0,0.0
311,M32029,Porter Square Station,42.387995,-71.119084,Cambridge,Yes,19,0.0,0.0
312,A32050,Porzio Park,42.36411904,-71.02876782,Boston,Yes,17,1.0,32.0
313,S32008,Powder House Circle - Nathan Tufts Park,42.400877,-71.116772,Somerville,Yes,15,0.0,0.0
314,C32007,Prudential Center - 101 Huntington Ave,42.34652004,-71.08065777,Boston,Yes,18,275.0,702.0
315,A32026,Purchase St at Pearl St,42.354659,-71.053181,Boston,Yes,19,166.0,407.0
316,L32001,Railroad Lot and Minuteman Bikeway,42.41606457,-71.15336637,Arlington,Yes,11,0.0,0.0
317,M32079,Raymond Park at Walden St,42.38736954,-71.12761001,Cambridge,Yes,19,0.0,1.0
318,R32006,Revere City Hall,42.40741,-71.0139,Revere,Yes,11,0.0,1.0
319,R32007,Revere Public Library,42.408088,-71.008942,Revere,Yes,11,0.0,1.0
320,M32036,Rindge Avenue - O'Neill Library,42.392766,-71.129042,Cambridge,Yes,19,0.0,0.0
321,A32056,Riverway at Brookline Ave,42.33661006,-71.1100468,Boston,Yes,25,89.0,349.0
322,M32035,Rogers St & Land Blvd,42.36644674,-71.07654601,Cambridge,Yes,19,20.0,205.0
323,C32047,Roslindale Village - South St,42.287072,-71.127754,Boston,Yes,15,33.0,79.0
324,C32046,Roslindale Village - Washington St,42.28630716,-71.12820532,Boston,Yes,15,33.0,78.0
325,E32014,Ross Playground,42.2645666,-71.1145523,Boston,Yes,19,6.0,44.0
326,D32008,Rowes Wharf at Atlantic Ave,42.357143,-71.050699,Boston,Yes,15,126.0,348.0
327,C32001,Roxbury Crossing T Stop - Columbus Ave at Tremont St,42.331184,-71.095171,Boston,Yes,23,151.0,563.0
328,B32022,Roxbury YMCA - Warren St at MLK Blvd,42.31787329,-71.08243078,Boston,Yes,10,75.0,367.0
329,B32002,Ruggles T Stop - Columbus Ave at Melnea Cass Blvd,42.33624445,-71.08798563,Boston,Yes,26,204.0,732.0
330,E32007,S Huntington Ave at Heath St,42.32760387,-71.1108917,Boston,Yes,15,105.0,300.0
331,T32012,Salem MBTA - Lower Level,42.523994,-70.89684,Salem,Yes,11,0.0,0.0
332,T32005,Salem MBTA - Washington at Federal St,42.52345239,-70.89611113,Salem,Yes,13,0.0,0.0
333,T32007 ,Salem State University - Bike Path at Loring Ave,42.50182399,-70.89478076,Salem,Yes,15,0.0,0.0
334,C32033,Savin Hill T Stop - S Sydney St at Bay St,42.3106,-71.0539,Boston,Yes,14,53.0,232.0
335,C32036,Seaport Blvd at Sleeper St,42.35317809,-71.04817357,Boston,Yes,15,77.0,312.0
336,B32014,Seaport Hotel - Congress St at Seaport Ln,42.34881026,-71.04167744,Boston,Yes,19,39.0,160.0
337,B32007,Seaport Square - Seaport Blvd at Northern Ave,42.35148193,-71.04436085,Boston,Yes,23,48.0,241.0
338,M32063,Sennott Park Broadway at Norfolk Street,42.36860524,-71.09930186,Cambridge,Yes,19,0.0,0.0
339,D32059,Shawmut Ave at Lenox St,42.33584613,-71.08038157,Boston,Yes,19,225.0,665.0
340,D32048,Shawmut Ave at Oak St W,42.34854543,-71.06559185,Boston,Yes,15,152.0,556.0
341,E32009,Shawmut T Stop,42.292917,-71.06575,Boston,Yes,19,60.0,209.0
342,T32003,Shetland Park - Congress at Peabody St,42.51836788,-70.88952363,Salem,Yes,11,0.0,0.0
343,M32047,Sidney Research Campus/Erie Street at Waverly,42.35775309,-71.10393405,Cambridge,Yes,19,3.0,298.0
344,D32032,Silber Way,42.349496,-71.10057592,Boston,Yes,19,139.0,464.0
345,M32069,Smith Pl at Wilson Rd,42.39239749,-71.15058332,Cambridge,Yes,19,0.0,0.0
346,A32006,Soldiers Field Park - 111 Western Ave,42.36426344,-71.1182757,Boston,Yes,15,40.0,177.0
347,S32001,Somerville City Hall,42.386844,-71.09812,Somerville,Yes,19,0.0,2.0
348,S32036,Somerville City Hall Annex,42.39189812,-71.09745376,Somerville,Yes,19,0.0,0.0
349,S32048,Somerville High School & Central Library,42.3864,-71.09601,Somerville,Yes,17,0.0,3.0
350,S32020,Somerville Hospital,42.39044622,-71.10856622,Somerville,Yes,15,0.0,0.0
351,C32017,South Boston Library - 646 E Broadway,42.335741,-71.03877,Boston,Yes,15,28.0,119.0
352,A32009,South End Library - Tremont St at W Newton St,42.341332,-71.076847,Boston,Yes,15,202.0,764.0
353,A32010,South Station - 700 Atlantic Ave,42.352175,-71.055547,Boston,Yes,47,165.0,448.0
354,D32023,Spaulding Rehabilitation Hospital - Charlestown Navy Yard,42.378338,-71.048927,Boston,Yes,19,11.0,105.0
355,C32087,Spring St at Powell St,42.27748444,-71.16341468,Boston,Yes,19,12.0,29.0
356,K32007,St Mary's,42.34619708,-71.10728681,Brookline,Yes,15,136.0,415.0
357,B32063,St. Alphonsus St at Tremont St,42.33329255,-71.10124648,Boston,Yes,18,144.0,453.0
358,C32024,State Street at Channel Center,42.344137,-71.052608,Boston,Yes,19,54.0,307.0
359,D32041,Stony Brook T Stop,42.316966,-71.104374,Boston,Yes,19,96.0,293.0
360,D32049,Stuart St at Berkeley St,42.34954403,-71.07242074,Boston,Yes,19,167.0,677.0
361,D32011,Stuart St at Charles St,42.351146,-71.066289,Boston,Yes,18,176.0,559.0
362,D32053,Sullivan Square,42.38445226,-71.07514855,Boston,Yes,19,56.0,77.0
363,R32001,Sumner St at Shirley Ave,42.40833706,-70.99804848,Revere,Yes,11,0.0,0.0
364,A32013,Surface Rd at India St,42.358155,-71.052163,Boston,Yes,19,140.0,371.0
365,A32042,Surface Rd at Summer St,42.3529457,-71.05656401,Boston,Yes,27,179.0,465.0
366,V32007,Swan St. Park,42.41250451,-71.05842225,Everett,Yes,15,0.0,0.0
367,C32064,Sydney St at Carson St,42.32039374,-71.05355408,Boston,Yes,19,59.0,235.0
368,C32043,Talbot Ave At Blue Hill Ave,42.2945833,-71.087111,Boston,Yes,15,48.0,189.0
369,C32110,Talbot Ave T Station,42.29225148,-71.07797205,Boston,Yes,19,52.0,227.0
370,K32008,Tappan St at Brookline Hills MBTA,42.33137017,-71.12688361,Brookline,Yes,15,0.0,87.0
371,S32011,Teele Square,42.4008795,-71.12590793,Somerville,Yes,15,0.0,0.0
372,E32011,The Dimock Center,42.31930943,-71.09639924,Boston,Yes,16,87.0,374.0
373,A32033,The Eddy - New St at Sumner St,42.370744,-71.044201,Boston,Yes,15,19.0,157.0
374,C32028,The Lawn on D,42.344792,-71.044024,Boston,Yes,19,36.0,180.0
375,D32054,The Overlook at St. Gabriel's,42.34679008,-71.14549814,Boston,Yes,18,60.0,246.0
376,M32048,Third at Binney,42.36544486,-71.08277142,Cambridge,Yes,15,1.0,128.0
377,L32005,Thorndike Field at Minuteman Bikeway,42.40016805,-71.14456963,Arlington,Yes,11,0.0,0.0
378,C32000,Tremont St at E Berkeley St,42.345392,-71.069616,Boston,Yes,19,146.0,639.0
379,B32056,Tremont St at Hamilton Pl,42.35668335,-71.06166646,Boston,Yes,18,216.0,489.0
380,C32056,Tremont St at Northampton St,42.3384318,-71.0816905,Boston,Yes,19,216.0,774.0
381,C32060,Tremont St at W. Dedham St,42.34254914,-71.07421449,Boston,Yes,15,184.0,732.0
382,D32014,Tremont St at West St,42.354979,-71.063348,Boston,Yes,15,202.0,530.0
383,A32058,Tremont St. at Court St.,42.359322,-71.059624,,Yes,19,203.0,434.0
384,C32035,Troy Boston,42.343749,-71.062256,Boston,Yes,5,95.0,533.0
385,S32042,Trum Field @ Cedar St (Temp Winter Station),42.398444,-71.107833,Somerville,Yes,19,0.0,0.0
386,F32003,Tufts Sq - Main St at Medford St,42.401697,-71.106128,Medford,Yes,11,0.0,0.0
387,A32001,Union Square - Brighton Ave at Cambridge St,42.353334,-71.137313,Boston,Yes,19,116.0,278.0
388,S32002,Union Square - Somerville,42.3796479,-71.09540476,Somerville,Yes,19,0.0,3.0
389,S32041,Union Square East,42.380078,-71.090098,Somerville,Yes,19,0.0,48.0
390,C32014,University of Massachusetts Boston - Campus Center,42.31218918,-71.03648586,Boston,Yes,19,9.0,34.0
391,M32040,University Park,42.36264779,-71.10006094,Cambridge,Yes,19,0.0,151.0
392,A32053,Valenti Way at Haverhill St,42.36473899,-71.05934903,Boston,Yes,24,157.0,376.0
393,M32057,Vassal Lane at Tobin/VLUS,42.38536765,-71.13775671,Cambridge,Yes,19,0.0,4.0
394,M32050,Verizon Innovation Hub 10 Ware Street,42.37250865,-71.11305356,Cambridge,Yes,19,0.0,43.0
395,T32017,Vinnin Square,42.48628785,-70.90166733,Salem,Yes,11,0.0,0.0
396,C32029,W Broadway at D St,42.3391085,-71.0514432,Boston,Yes,20,47.0,255.0
397,C32016,W Broadway at Dorchester St,42.33595898,-71.046229,Boston,Yes,17,36.0,168.0
398,C32102,Walnut Ave at School St,42.31242399,-71.09616905,Boston,Yes,19,47.0,285.0
399,D32021,Warren St at Chelsea St,42.371848,-71.060292,Boston,Yes,23,65.0,231.0
400,K32011,Washington Sq,42.33985827,-71.13421171,Brookline,Yes,15,6.0,162.0
401,S32043,Washington St @ New Washington St (Temp Winter Station),42.38103732,-71.08709779,Somerville,Yes,15,3.0,57.0
402,D32029,Washington St at Brock St,42.34895285,-71.16031677,Boston,Yes,15,43.0,148.0
403,N32001,Washington St at Crafts St,42.35389024,-71.19943707,Newton,Yes,11,0.0,0.0
404,C32005,Washington St at Lenox St,42.33509899,-71.07903779,Boston,Yes,15,241.0,637.0
405,B32026,Washington St at Melnea Cass Blvd,42.332817,-71.081198,Boston,Yes,19,224.0,623.0
406,C32006,Washington St at Rutland St,42.3385146,-71.07404083,Boston,Yes,27,198.0,651.0
407,C32038,Washington St at Talbot Ave,42.290333,-71.071806,Boston,Yes,17,52.0,197.0
408,N32014,Washington St at Walnut St,42.35145812,-71.20764971,Newton,Yes,11,0.0,0.0
409,D32002,Washington St at Waltham St,42.34157472,-71.0689044,Boston,Yes,15,111.0,610.0
410,C32034,Watermark Seaport - Boston Wharf Rd at Seaport Blvd,42.351586,-71.04569256,Boston,Yes,15,54.0,264.0
411,W32005,Watertown City Hall,42.36759308,-71.18751436,Watertown,Yes,11,0.0,0.0
412,W32002,Watertown Sq,42.36526032,-71.18573324,Watertown,Yes,15,0.0,0.0
413,N32006,Watertown St at Albemarle Rd,42.35410408,-71.21382214,Newton,Yes,11,0.0,0.0
414,V32014,Wellington MBTA,42.4023682,-71.07573182,Everett,Yes,19,0.0,4.0
415,B32021,Wentworth Institute of Technology - Huntington Ave at Vancouver St,42.33758601,-71.09627098,Boston,Yes,12,142.0,717.0
416,D32022,West End Park,42.36590788,-71.06446669,Boston,Yes,35,117.0,344.0
417,N32005,West Newton,42.3496005,-71.22627497,Newton,Yes,15,0.0,0.0
418,B32059,Whittier St Health Center,42.33286288,-71.09218862,Boston,Yes,19,167.0,617.0
419,D32040,Williams St at Washington St,42.306539,-71.107669,Boston,Yes,23,62.0,190.0
420,S32005,Wilson Square,42.38567579,-71.11412136,Somerville,Yes,15,0.0,0.0
